{
  "fuels": [
    {
      "item": "minecraft:nether_star",
      "fuel": 35000
    },
    {
      "item": "minecraft:lava_bucket",
      "return_item": "minecraft:bucket",
      "fuel": 24000
    },
    {
      "item": "prefab:item_ton_of_timber",
      "fuel": 24000,
      "return_item": "minecraft:coal_block"
    },
    {
      "item": "prefab:item_heap_of_timber",
      "fuel": 10125,
      "return_item": "charcoalplus:charcoal_block"
    },
    {
      "item": "prefab:item_bundle_of_timber",
      "fuel": 2025
    },
    {
      "item": "minecraft:dried_kelp_block",
      "fuel": 2600
    },
    {
      "item": "minecraft:blaze_rod",
      "fuel": 1800
    },
    {
      "item": "minecraft:coal_block",
      "fuel": 12000
    },
    {
      "item": "betterend:charcoal_block",
      "fuel": 12000
    },
    {
      "item": "minecraft:coal",
      "fuel": 1200
    },
    {
      "item": "minecraft:charcoal",
      "fuel": 1200
    },
    {
      "item": "minecraft:fire_charge",
      "fuel": 1200
    },
    {
      "item": "minecraft:blaze_powder",
      "fuel": 800
    },
    {
      "item": "charcoalplus:charcoal_block",
      "fuel": 12000
    },
    {
      "item": "charcoalplus:coal_piece",
      "fuel": 150
    },
    {
      "item": "charcoalplus:charcoal_piece",
      "fuel": 150
    }
  ]
}