{
  "type": "alloy_forgery:forging",
  "inputs": [
	{"item": "mythicmetals:copper_nugget"},{"item": "mythicmetals:copper_nugget"},{"item": "mythicmetals:copper_nugget"},
	{"item": "mythicmetals:copper_nugget"},{"item": "mythicmetals:copper_nugget"},{"item": "mythicmetals:copper_nugget"},
	{"item": "mythicmetals:copper_nugget"},{"item": "mythicmetals:copper_nugget"},{"item": "mythicmetals:copper_nugget"}
  ],
  "output": {
    "id": "minecraft:copper_ingot",
    "count": 1
  },
  "min_forge_tier": 1,
  "fuel_per_tick": 1
}