{
  "type": "alloy_forgery:forging",
  "inputs": [
	{"item": "minecraft:amethyst_block"}, {"item": "minecraft:quartz"}, {"item": "minecraft:amethyst_cluster"},
	{"item": "minecraft:deepslate_redstone_ore"}, {"item": "minecraft:diamond"}, {"item": "minecraft:diamond"},
	{"item": "minecraft:raw_copper"}, {"item": "minecraft:raw_iron_block"}, {"item": "minecraft:bone_block"},
	{"item": "minecraft:deepslate_lapis_ore"}
  ],
  "output": {
    "id": "minecraft:budding_amethyst",
    "count": 1
  },
  "min_forge_tier": 3,
  "fuel_per_tick": 13610
}