{
  "type": "alloy_forgery:forging",
  "inputs": [
	{"item": "mythicmetals:unobtainium"}, {"item": "mythicmetals:unobtainium"}, {"item": "mythicmetals:unobtainium"},
	{"item": "mythicmetals:hallowed_dust"}, {"item": "mythicmetals:star_platinum_dust"}, {"item": "byg:raw_quartz_block"},
	{"item": "byg:raw_quartz_block"}, {"item": "mythicmetals:mythril_nugget"}, {"item": "mythicmetals:silver_dust"}, 
	{"item": "mythicmetals:silver_dust"}
	
  ],
  "output": {
    "id": "transparent_cosmetics:transparent_ingot",
    "count": 6
  },
  "min_forge_tier": 3,
  "fuel_per_tick": 13610
}